{"cameraMode":{"drawMode":0,"name":"Shaded","section":"Shading Mode"},"sceneLighting":false,"audioPlay":false,"sceneViewState":{"showFog":true,"showMaterialUpdate":true,"showSkybox":false,"showFlares":true,"showImageEffects":true,"showParticleSystems":true},"in2DMode":false,"pivot":{"x":163.0033721923828,"y":-62.49254608154297,"z":-150.07675170898438},"rotation":{"x":-0.1278485357761383,"y":-0.8712335228919983,"z":0.35957181453704836,"w":-0.3091670274734497},"size":27.566333770751954,"orthographic":false}