{"cameraMode":{"drawMode":0,"name":"Shaded","section":"Shading Mode"},"sceneLighting":false,"audioPlay":false,"sceneViewState":{"showFog":true,"showMaterialUpdate":true,"showSkybox":false,"showFlares":true,"showImageEffects":true,"showParticleSystems":true},"in2DMode":false,"pivot":{"x":-83.2218017578125,"y":-84.61621856689453,"z":-258.8662109375},"rotation":{"x":-0.4453529119491577,"y":-0.5349448919296265,"z":0.3985935151576996,"w":-0.5974022746086121},"size":36.619632720947269,"orthographic":false}