{"cameraMode":{"drawMode":0,"name":"Shaded","section":"Shading Mode"},"sceneLighting":true,"audioPlay":false,"sceneViewState":{"showFog":true,"showMaterialUpdate":true,"showSkybox":true,"showFlares":true,"showImageEffects":true,"showParticleSystems":true},"in2DMode":false,"pivot":{"x":-127.14501953125,"y":-191.05572509765626,"z":219.16107177734376},"rotation":{"x":-0.09405463188886643,"y":-0.9053488969802856,"z":0.2680988311767578,"w":-0.31657910346984866},"size":94.82115936279297,"orthographic":false}