{"cameraMode":{"drawMode":0,"name":"Shaded","section":"Shading Mode"},"sceneLighting":true,"audioPlay":false,"sceneViewState":{"showFog":true,"showMaterialUpdate":true,"showSkybox":false,"showFlares":true,"showImageEffects":true,"showParticleSystems":true},"in2DMode":false,"pivot":{"x":-94.17317962646485,"y":-186.25558471679688,"z":486.5889892578125},"rotation":{"x":0.10712823271751404,"y":-0.8818824887275696,"z":0.2427319884300232,"w":0.39009860157966616},"size":66.76374053955078,"orthographic":false}