{"cameraMode":{"drawMode":0,"name":"Shaded","section":"Shading Mode"},"sceneLighting":false,"audioPlay":false,"sceneViewState":{"showFog":true,"showMaterialUpdate":true,"showSkybox":true,"showFlares":true,"showImageEffects":true,"showParticleSystems":true},"in2DMode":false,"pivot":{"x":82.97744750976563,"y":-134.88125610351563,"z":308.1196594238281},"rotation":{"x":-0.02918521873652935,"y":-0.9677474498748779,"z":0.1332390159368515,"w":-0.21230128407478333},"size":98.98485565185547,"orthographic":false}