{"cameraMode":{"drawMode":0,"name":"Shaded","section":"Shading Mode"},"sceneLighting":true,"audioPlay":false,"sceneViewState":{"showFog":true,"showMaterialUpdate":true,"showSkybox":true,"showFlares":true,"showImageEffects":true,"showParticleSystems":true},"in2DMode":false,"pivot":{"x":109.2061767578125,"y":-196.74566650390626,"z":184.31240844726563},"rotation":{"x":0.3540436923503876,"y":0.5174270868301392,"z":-0.2480384111404419,"w":0.7385822534561157},"size":1.7772836685180665,"orthographic":false}